Ticker,Rating_CYCLE,Score_CYCLE,Score_SW,Score_HW,PEG_PS_Latest,PEG_OwnerFCF_Latest,MC/FCF,MC/OwnerFCF,EBIT/Rev_Avg,FCF/Rev_Avg,CapEx/Rev_Avg,SBC/Rev_Avg,Rev_CAGR,MaxYear,Company
MO,A,89,62,64,,3.854,10.706,10.706,0.566,0.420,0.009,0,-0.011,2025,"Altria Group, Inc."
NVDA,B,74,64,68,0.657,0.704,53.673,57.176,0.373,0.607,0.048,0.064,0.484,2025,NVIDIA CORP
MSFT,B,72,45,88,0.818,13.400,50.272,60.365,0.428,0.298,0.155,0.041,0.150,2025,MICROSOFT CORPORATION
AAPL,C,67,52,72,2.934,185.532,40.499,46.564,0.307,0.262,0.028,0.027,0.033,2025,Apple Inc.
PLTR,C,56,83,38,4.390,,249.721,438.235,0.006,0.295,0.009,0.291,0.261,2025,Palantir Technologies Inc.
AMD,D,54,67,52,0.602,,64.220,195.095,0.092,0.128,0.023,0.060,0.182,2025,"ADVANCED MICRO DEVICES, INC"
HOOD,D,49,82,31,1.104,,,,29.860,-0.554,0.019,0.419,0.236,2025,"Robinhood Markets, Inc."
MU,D,40,36,62,0.900,,156.871,375.948,0.097,-0.031,0.401,0.026,0.078,2025,"Micron Technology, Inc."
LITE,E,36,49,61,,,,,-0.058,0.095,0.082,0.080,-0.013,2025,Lumentum Holdings Inc.
