Ticker,Company,MaxYear,WindowYears,ActualWindowYears,Score_CYCLE,Rating_CYCLE,Score_SW,Rating_SW,Score_HW,Rating_HW,EBIT/Rev_Avg,EBIT/Rev_Min,FCF/Rev_Avg,FCF/Rev_Min,CapEx/Rev_Avg,SBC/Rev_Avg,Rev_CAGR,MktCap_B_Latest,MC/Rev,MC/FCF,MC/OwnerFCF,PEG_PS_Latest,PEG_OwnerFCF_Latest
MO,"Altria Group, Inc.",2025,5,5,89,A,62,C,64,C,0.566,0.548,0.420,0.389,0.009,0,-0.011,98.390,4.878,10.706,10.706,,3.854
NVDA,NVIDIA CORP,2025,5,5,74,B,64,C,68,C,0.373,0.157,0.607,0.142,0.048,0.064,0.484,4150,31.801,53.673,57.176,0.657,0.704
MSFT,MICROSOFT CORPORATION,2025,5,5,72,B,45,D,88,A,0.428,0.416,0.298,0.244,0.155,0.041,0.150,3600,12.253,50.272,60.365,0.818,13.400
AAPL,Apple Inc.,2025,5,5,67,C,52,D,72,B,0.307,0.298,0.262,0.237,0.028,0.027,0.033,4000,9.612,40.499,46.564,2.934,185.532
PLTR,Palantir Technologies Inc.,2025,5,5,56,C,83,B,38,E,0.006,-0.267,0.295,0.096,0.009,0.291,0.261,447,114.615,249.721,438.235,4.390,
AMD,"ADVANCED MICRO DEVICES, INC",2025,5,5,54,D,67,C,52,D,0.092,0.018,0.128,0.049,0.023,0.060,0.182,350,10.931,64.220,195.095,0.602,
HOOD,"Robinhood Markets, Inc.",2025,5,5,49,D,82,B,31,E,29.860,-2.030,-0.554,-1.031,0.019,0.419,0.236,110,26.005,,,1.104,
MU,"Micron Technology, Inc.",2025,5,5,40,D,36,E,62,C,0.097,-0.370,-0.031,-0.394,0.401,0.026,0.078,261.660,7,156.871,375.948,0.900,
LITE,Lumentum Holdings Inc.,2025,5,5,36,E,49,D,61,C,-0.058,-0.319,0.095,-0.080,0.082,0.080,-0.013,22.420,13.588,,,,
